product_id,question_id,question_text,question_date,answer_id,answer_text,answer_date,answer_helpful_yes,answer_helpful_no
1,1-1,Aut voluptatem ratione rerum aspernatur dolorum tenetur in voluptas?,7 months ago,1-1-1,Recusandae labore illo iste enim quod!,7 months ago,11,9
1,1-1,Aut voluptatem ratione rerum aspernatur dolorum tenetur in voluptas?,7 months ago,1-1-2,Illo odio ut magni!,3 months ago,11,5
1,1-1,Aut voluptatem ratione rerum aspernatur dolorum tenetur in voluptas?,7 months ago,1-1-3,Quod quia est illum qui vel qui dolores est ea!,11 months ago,6,5
1,1-1,Aut voluptatem ratione rerum aspernatur dolorum tenetur in voluptas?,7 months ago,1-1-4,Omnis omnis placeat est nostrum!,1 months ago,11,9
1,1-1,Aut voluptatem ratione rerum aspernatur dolorum tenetur in voluptas?,7 months ago,1-1-5,Sunt inventore ut non quasi sit voluptas laudantium aut!,2 months ago,10,7
1,1-1,Aut voluptatem ratione rerum aspernatur dolorum tenetur in voluptas?,7 months ago,1-1-6,Eveniet et sunt earum praesentium eius vero!,7 months ago,7,7
1,1-1,Aut voluptatem ratione rerum aspernatur dolorum tenetur in voluptas?,7 months ago,1-1-7,Consequatur doloremque expedita eos et cum error earum maxime fuga!,10 months ago,5,9
1,1-1,Aut voluptatem ratione rerum aspernatur dolorum tenetur in voluptas?,7 months ago,1-1-8,Voluptatibus doloremque consequatur quisquam eum est consequatur dolorem!,5 months ago,6,2
1,1-1,Aut voluptatem ratione rerum aspernatur dolorum tenetur in voluptas?,7 months ago,1-1-9,Veritatis quia adipisci harum!,2 months ago,7,10
1,1-1,Aut voluptatem ratione rerum aspernatur dolorum tenetur in voluptas?,7 months ago,1-1-10,Quidem soluta eum at saepe quia adipisci alias rerum!,0 months ago,4,9
1,1-1,Aut voluptatem ratione rerum aspernatur dolorum tenetur in voluptas?,7 months ago,1-1-11,Minus dignissimos earum quaerat qui labore consequatur asperiores quos!,9 months ago,7,2
1,1-2,Non deleniti non debitis illo eligendi repellat ut eaque?,6 months ago,1-2-1,Vel qui nostrum est voluptate fuga eos dolor!,8 months ago,8,1
1,1-2,Non deleniti non debitis illo eligendi repellat ut eaque?,6 months ago,1-2-2,Distinctio quae rerum quaerat omnis!,8 months ago,9,10
1,1-2,Non deleniti non debitis illo eligendi repellat ut eaque?,6 months ago,1-2-3,Ipsa consequatur quis qui est iste voluptatem!,1 months ago,5,9
1,1-2,Non deleniti non debitis illo eligendi repellat ut eaque?,6 months ago,1-2-4,Molestiae non quod perferendis incidunt porro!,0 months ago,4,6
1,1-3,Maiores corrupti ut labore ab?,1 months ago,1-3-1,Tempore sunt non consequatur quis temporibus sed ex sunt!,4 months ago,4,1
1,1-3,Maiores corrupti ut labore ab?,1 months ago,1-3-2,Dolores voluptatum sunt atque praesentium molestias qui!,10 months ago,5,4
1,1-3,Maiores corrupti ut labore ab?,1 months ago,1-3-3,Voluptas nihil et aut!,8 months ago,9,8
1,1-3,Maiores corrupti ut labore ab?,1 months ago,1-3-4,Deserunt sequi rem ut quibusdam eum fugiat!,1 months ago,8,5
1,1-3,Maiores corrupti ut labore ab?,1 months ago,1-3-5,Aut sapiente aut commodi quae eos dicta ea!,0 months ago,11,3
1,1-3,Maiores corrupti ut labore ab?,1 months ago,1-3-6,Et et quia ratione dolor natus qui rem et impedit!,7 months ago,8,7
1,1-3,Maiores corrupti ut labore ab?,1 months ago,1-3-7,Voluptatem ut est aliquam voluptas aperiam!,6 months ago,8,10
1,1-3,Maiores corrupti ut labore ab?,1 months ago,1-3-8,Eius ducimus nam ullam qui magnam eos at autem!,3 months ago,7,1
1,1-3,Maiores corrupti ut labore ab?,1 months ago,1-3-9,Et atque perferendis voluptate qui velit ullam maiores dolorum ad!,3 months ago,7,4
1,1-3,Maiores corrupti ut labore ab?,1 months ago,1-3-10,Neque et sed!,7 months ago,3,2
1,1-4,Porro quisquam cumque?,7 months ago,1-4-1,Vel vitae sit dolor non autem!,3 months ago,6,3
1,1-4,Porro quisquam cumque?,7 months ago,1-4-2,Error dolor accusamus laudantium et libero vero!,4 months ago,9,4
1,1-4,Porro quisquam cumque?,7 months ago,1-4-3,Omnis nam eius est!,8 months ago,2,11
1,1-4,Porro quisquam cumque?,7 months ago,1-4-4,Enim assumenda quisquam et harum ut ea itaque voluptate!,3 months ago,7,4
1,1-4,Porro quisquam cumque?,7 months ago,1-4-5,Quibusdam quis incidunt architecto!,1 months ago,11,1
1,1-4,Porro quisquam cumque?,7 months ago,1-4-6,Fugiat perferendis eum consequuntur vitae eos sunt harum quisquam!,1 months ago,8,6
1,1-4,Porro quisquam cumque?,7 months ago,1-4-7,Eius porro velit quibusdam perferendis enim doloremque harum ea occaecati!,10 months ago,9,6
1,1-4,Porro quisquam cumque?,7 months ago,1-4-8,Odio sapiente ut similique vel aut omnis ut!,3 months ago,4,1
1,1-5,Recusandae iusto aut sint cum nulla molestiae aliquam debitis dolorem?,2 months ago,1-5-1,Tenetur beatae quisquam!,7 months ago,2,4
1,1-5,Recusandae iusto aut sint cum nulla molestiae aliquam debitis dolorem?,2 months ago,1-5-2,Nesciunt illo quia totam sint neque voluptatibus possimus voluptatem beatae!,6 months ago,2,8
2,2-1,Veritatis perspiciatis eveniet similique assumenda nihil?,5 months ago,2-1-1,Natus deserunt labore autem voluptates ullam rerum eaque cumque!,9 months ago,3,11
2,2-2,Vel id dolores sequi veniam ratione dicta explicabo est?,8 months ago,2-2-1,Nam doloribus sapiente magni minus enim quia!,7 months ago,9,7
2,2-2,Vel id dolores sequi veniam ratione dicta explicabo est?,8 months ago,2-2-2,Ipsum quia maiores voluptatem aperiam modi!,11 months ago,10,6
2,2-2,Vel id dolores sequi veniam ratione dicta explicabo est?,8 months ago,2-2-3,Temporibus earum error aliquam praesentium voluptate dolor enim voluptatum!,10 months ago,3,4
2,2-2,Vel id dolores sequi veniam ratione dicta explicabo est?,8 months ago,2-2-4,Voluptatem eius qui nesciunt!,9 months ago,8,11
2,2-2,Vel id dolores sequi veniam ratione dicta explicabo est?,8 months ago,2-2-5,Ut aut facilis autem consequatur delectus quasi repellat dignissimos!,7 months ago,9,1
2,2-2,Vel id dolores sequi veniam ratione dicta explicabo est?,8 months ago,2-2-6,Nam et vel fuga!,9 months ago,6,5
2,2-2,Vel id dolores sequi veniam ratione dicta explicabo est?,8 months ago,2-2-7,Nobis eligendi porro quia!,4 months ago,5,7
2,2-2,Vel id dolores sequi veniam ratione dicta explicabo est?,8 months ago,2-2-8,Et deserunt occaecati id ea et!,4 months ago,1,3
2,2-3,Beatae praesentium corrupti?,1 months ago,2-3-1,Sit a numquam qui officiis explicabo quia!,4 months ago,3,4
2,2-3,Beatae praesentium corrupti?,1 months ago,2-3-2,Omnis esse repudiandae rerum atque corporis minus aliquam et et!,4 months ago,4,2
2,2-3,Beatae praesentium corrupti?,1 months ago,2-3-3,Architecto ea corporis tempora soluta!,0 months ago,6,4
2,2-3,Beatae praesentium corrupti?,1 months ago,2-3-4,Vel hic placeat amet natus et quis molestias omnis ut!,2 months ago,9,8
2,2-3,Beatae praesentium corrupti?,1 months ago,2-3-5,Eius dolorem quo fugiat non eos!,5 months ago,10,11
2,2-3,Beatae praesentium corrupti?,1 months ago,2-3-6,Omnis fuga laudantium esse exercitationem recusandae!,4 months ago,4,9
2,2-3,Beatae praesentium corrupti?,1 months ago,2-3-7,Ut error in magnam deserunt harum incidunt!,0 months ago,5,5
2,2-4,At molestiae impedit in quasi?,1 months ago,2-4-1,Impedit blanditiis consectetur!,1 months ago,9,1
2,2-4,At molestiae impedit in quasi?,1 months ago,2-4-2,Ut aspernatur est nemo nam laudantium voluptatibus eos inventore ut!,8 months ago,11,11
2,2-4,At molestiae impedit in quasi?,1 months ago,2-4-3,Enim omnis consectetur praesentium quia atque!,1 months ago,1,9
2,2-4,At molestiae impedit in quasi?,1 months ago,2-4-4,Eligendi aut nisi!,0 months ago,4,8
2,2-4,At molestiae impedit in quasi?,1 months ago,2-4-5,Minima qui sint sapiente illo repellendus corporis!,8 months ago,5,10
2,2-4,At molestiae impedit in quasi?,1 months ago,2-4-6,Dolorem adipisci sit sed repellat!,4 months ago,11,6
2,2-4,At molestiae impedit in quasi?,1 months ago,2-4-7,Deserunt quo voluptates amet molestiae totam placeat!,8 months ago,9,5
2,2-4,At molestiae impedit in quasi?,1 months ago,2-4-8,Sed dolores id enim a!,2 months ago,9,4
2,2-4,At molestiae impedit in quasi?,1 months ago,2-4-9,Voluptas dicta distinctio recusandae eius ut aspernatur est incidunt et!,2 months ago,7,9
2,2-4,At molestiae impedit in quasi?,1 months ago,2-4-10,Et dignissimos consequatur!,1 months ago,7,5
2,2-4,At molestiae impedit in quasi?,1 months ago,2-4-11,Quisquam ut est aut!,7 months ago,3,2
2,2-5,Ipsa modi et consectetur debitis?,3 months ago,2-5-1,Aut voluptas sint qui exercitationem unde laudantium sunt quia!,9 months ago,2,5
2,2-5,Ipsa modi et consectetur debitis?,3 months ago,2-5-2,Exercitationem nisi et aut et iure praesentium eos rem sit!,1 months ago,1,11
2,2-5,Ipsa modi et consectetur debitis?,3 months ago,2-5-3,Atque libero temporibus eum!,1 months ago,10,3
2,2-5,Ipsa modi et consectetur debitis?,3 months ago,2-5-4,Ut expedita labore!,7 months ago,8,7
2,2-5,Ipsa modi et consectetur debitis?,3 months ago,2-5-5,Esse aut neque!,4 months ago,5,11
2,2-5,Ipsa modi et consectetur debitis?,3 months ago,2-5-6,Nostrum sit dolor qui deserunt voluptatibus tenetur facere maiores!,2 months ago,2,10
2,2-5,Ipsa modi et consectetur debitis?,3 months ago,2-5-7,Quis quo temporibus commodi corrupti!,2 months ago,7,5
2,2-5,Ipsa modi et consectetur debitis?,3 months ago,2-5-8,Aut iusto quis officiis!,5 months ago,7,9
2,2-5,Ipsa modi et consectetur debitis?,3 months ago,2-5-9,Temporibus suscipit nostrum rerum qui hic itaque nihil!,0 months ago,7,6
2,2-6,Quaerat suscipit esse?,8 months ago,2-6-1,Esse quia distinctio repudiandae!,4 months ago,2,8
2,2-6,Quaerat suscipit esse?,8 months ago,2-6-2,Aut consequatur repellat quia accusamus!,7 months ago,8,2
2,2-6,Quaerat suscipit esse?,8 months ago,2-6-3,Totam veniam nostrum voluptas dolore quae!,8 months ago,3,7
2,2-6,Quaerat suscipit esse?,8 months ago,2-6-4,Eos sapiente magni!,8 months ago,4,7
2,2-6,Quaerat suscipit esse?,8 months ago,2-6-5,Necessitatibus alias dicta molestiae impedit quia et quia!,0 months ago,2,3
2,2-6,Quaerat suscipit esse?,8 months ago,2-6-6,Reiciendis id voluptatem!,9 months ago,3,6
2,2-6,Quaerat suscipit esse?,8 months ago,2-6-7,Et unde fugiat nobis aperiam!,9 months ago,10,9
2,2-6,Quaerat suscipit esse?,8 months ago,2-6-8,Voluptas eligendi reiciendis et deserunt enim quia!,6 months ago,1,4
2,2-6,Quaerat suscipit esse?,8 months ago,2-6-9,Molestiae error quis non debitis!,10 months ago,5,9
2,2-6,Quaerat suscipit esse?,8 months ago,2-6-10,Maiores laboriosam et sit sint!,8 months ago,11,1
2,2-6,Quaerat suscipit esse?,8 months ago,2-6-11,Dicta eum voluptatem qui laboriosam quo assumenda!,0 months ago,2,1
2,2-7,Voluptatibus pariatur assumenda quod exercitationem?,8 months ago,2-7-1,Tenetur sed delectus saepe animi et blanditiis magni numquam repellat!,6 months ago,4,5
2,2-7,Voluptatibus pariatur assumenda quod exercitationem?,8 months ago,2-7-2,Quis aut quia fugiat facilis aliquam quod illo!,9 months ago,2,8
2,2-7,Voluptatibus pariatur assumenda quod exercitationem?,8 months ago,2-7-3,Voluptate libero aut beatae molestiae nulla aut!,11 months ago,6,5
2,2-7,Voluptatibus pariatur assumenda quod exercitationem?,8 months ago,2-7-4,Explicabo porro dicta consectetur!,2 months ago,7,5
2,2-7,Voluptatibus pariatur assumenda quod exercitationem?,8 months ago,2-7-5,Ut tenetur animi eos quis qui ea possimus saepe!,4 months ago,1,4
2,2-7,Voluptatibus pariatur assumenda quod exercitationem?,8 months ago,2-7-6,Qui numquam unde aspernatur!,5 months ago,7,7
2,2-7,Voluptatibus pariatur assumenda quod exercitationem?,8 months ago,2-7-7,Cumque sed quia maiores ea possimus eaque!,1 months ago,11,10
2,2-7,Voluptatibus pariatur assumenda quod exercitationem?,8 months ago,2-7-8,Molestiae ratione nisi quae dolores ea!,10 months ago,4,1
2,2-7,Voluptatibus pariatur assumenda quod exercitationem?,8 months ago,2-7-9,Sed officiis soluta a soluta cupiditate similique!,1 months ago,4,2
2,2-7,Voluptatibus pariatur assumenda quod exercitationem?,8 months ago,2-7-10,Est est praesentium incidunt quo ab!,7 months ago,7,9
2,2-7,Voluptatibus pariatur assumenda quod exercitationem?,8 months ago,2-7-11,Nobis sunt perferendis dolores esse ipsa!,8 months ago,6,4
2,2-8,Voluptate tempore iste possimus inventore quia molestias eos in?,9 months ago,2-8-1,Totam consequatur labore commodi inventore et ducimus!,6 months ago,5,3
2,2-8,Voluptate tempore iste possimus inventore quia molestias eos in?,9 months ago,2-8-2,Ipsam sint aliquam quaerat consequatur nihil ullam aliquam reprehenderit molestiae!,9 months ago,5,6
2,2-8,Voluptate tempore iste possimus inventore quia molestias eos in?,9 months ago,2-8-3,Voluptates et vel ad id architecto maiores dicta sequi accusantium!,2 months ago,1,9
2,2-8,Voluptate tempore iste possimus inventore quia molestias eos in?,9 months ago,2-8-4,Optio eligendi dolorem est et nemo optio occaecati!,8 months ago,7,8
2,2-8,Voluptate tempore iste possimus inventore quia molestias eos in?,9 months ago,2-8-5,Nobis reiciendis fuga!,5 months ago,3,1
2,2-8,Voluptate tempore iste possimus inventore quia molestias eos in?,9 months ago,2-8-6,Rerum nobis tempora a provident!,2 months ago,6,9
2,2-8,Voluptate tempore iste possimus inventore quia molestias eos in?,9 months ago,2-8-7,Reprehenderit autem similique!,1 months ago,4,1
2,2-8,Voluptate tempore iste possimus inventore quia molestias eos in?,9 months ago,2-8-8,Dicta eum eum voluptatem sed laudantium qui odit!,9 months ago,9,4
2,2-9,Et sit soluta velit placeat est?,2 months ago,2-9-1,Animi laborum illo quidem adipisci voluptatem!,10 months ago,2,10
2,2-9,Et sit soluta velit placeat est?,2 months ago,2-9-2,Qui molestias at eos saepe!,6 months ago,9,10
2,2-9,Et sit soluta velit placeat est?,2 months ago,2-9-3,Sed minus cum eius blanditiis!,5 months ago,8,2
2,2-9,Et sit soluta velit placeat est?,2 months ago,2-9-4,Numquam ut culpa minima consectetur ut voluptatibus neque consectetur!,5 months ago,11,3
2,2-9,Et sit soluta velit placeat est?,2 months ago,2-9-5,Est quam illo est fugit!,7 months ago,8,11
2,2-10,Consequatur sit ipsum a qui?,10 months ago,2-10-1,Corrupti dicta cumque dolores!,0 months ago,5,8
2,2-10,Consequatur sit ipsum a qui?,10 months ago,2-10-2,Blanditiis magnam odio voluptas!,9 months ago,4,9
2,2-11,Deleniti non et illum magni rerum ducimus enim sed?,3 months ago,2-11-1,Aut dignissimos mollitia molestias!,5 months ago,9,7
2,2-11,Deleniti non et illum magni rerum ducimus enim sed?,3 months ago,2-11-2,Rerum quia et unde!,8 months ago,5,10
2,2-11,Deleniti non et illum magni rerum ducimus enim sed?,3 months ago,2-11-3,Temporibus sint ut ab voluptatem autem!,2 months ago,2,8
2,2-11,Deleniti non et illum magni rerum ducimus enim sed?,3 months ago,2-11-4,Ab sint cupiditate alias voluptas!,0 months ago,3,10
2,2-11,Deleniti non et illum magni rerum ducimus enim sed?,3 months ago,2-11-5,Officia autem est tempore!,7 months ago,4,3
2,2-11,Deleniti non et illum magni rerum ducimus enim sed?,3 months ago,2-11-6,Et nisi et voluptate magnam velit!,6 months ago,11,9
2,2-11,Deleniti non et illum magni rerum ducimus enim sed?,3 months ago,2-11-7,Voluptatibus aut iusto maiores et eligendi!,6 months ago,3,1
3,3-1,Voluptatibus eum temporibus debitis nisi veniam voluptatum perferendis culpa?,5 months ago,3-1-1,Expedita molestias voluptates!,2 months ago,1,7
3,3-1,Voluptatibus eum temporibus debitis nisi veniam voluptatum perferendis culpa?,5 months ago,3-1-2,Exercitationem praesentium ratione aliquid pariatur ipsa totam ducimus autem sed!,8 months ago,2,9
3,3-1,Voluptatibus eum temporibus debitis nisi veniam voluptatum perferendis culpa?,5 months ago,3-1-3,Itaque quia quis dolorum odit qui fugiat!,4 months ago,4,1
4,4-1,Tenetur ut est aut enim vitae in sunt?,10 months ago,4-1-1,Necessitatibus velit laborum non rerum at et alias provident et!,7 months ago,5,4
4,4-1,Tenetur ut est aut enim vitae in sunt?,10 months ago,4-1-2,Cumque molestias quis!,10 months ago,1,11
4,4-2,Numquam voluptas neque dolor beatae accusamus?,2 months ago,4-2-1,Velit magnam aliquid iure quia delectus totam accusantium esse!,1 months ago,11,6
4,4-2,Numquam voluptas neque dolor beatae accusamus?,2 months ago,4-2-2,Incidunt voluptas enim nihil facere veritatis qui nulla!,1 months ago,6,6
4,4-3,Enim officiis non qui aut inventore rerum voluptate iusto voluptatibus?,9 months ago,4-3-1,Nam molestiae sunt eveniet veniam qui qui tempora pariatur!,6 months ago,7,4
4,4-3,Enim officiis non qui aut inventore rerum voluptate iusto voluptatibus?,9 months ago,4-3-2,Et aliquam et in molestias labore praesentium!,5 months ago,2,11
4,4-3,Enim officiis non qui aut inventore rerum voluptate iusto voluptatibus?,9 months ago,4-3-3,Ullam accusamus natus amet temporibus minus hic voluptatibus quasi atque!,11 months ago,9,10
4,4-3,Enim officiis non qui aut inventore rerum voluptate iusto voluptatibus?,9 months ago,4-3-4,Incidunt necessitatibus molestias voluptatum perspiciatis eos sunt rerum sint libero!,7 months ago,11,6
4,4-3,Enim officiis non qui aut inventore rerum voluptate iusto voluptatibus?,9 months ago,4-3-5,Magni consectetur animi dolor et aliquid!,6 months ago,2,2
4,4-3,Enim officiis non qui aut inventore rerum voluptate iusto voluptatibus?,9 months ago,4-3-6,Est omnis officia qui eum qui!,3 months ago,11,10
4,4-4,Corrupti voluptatem sint voluptas nisi?,7 months ago,4-4-1,Tenetur quaerat quidem at hic dolores praesentium quisquam nostrum dicta!,10 months ago,7,7
4,4-4,Corrupti voluptatem sint voluptas nisi?,7 months ago,4-4-2,Distinctio eaque nam mollitia esse!,10 months ago,6,9
4,4-4,Corrupti voluptatem sint voluptas nisi?,7 months ago,4-4-3,Et similique alias doloremque vero delectus inventore!,7 months ago,11,2
4,4-4,Corrupti voluptatem sint voluptas nisi?,7 months ago,4-4-4,Hic illum a aut est qui asperiores et facilis veritatis!,11 months ago,5,8
4,4-5,Praesentium et tempora blanditiis reprehenderit quibusdam nihil ducimus qui dicta?,0 months ago,4-5-1,Quia aut ut!,10 months ago,5,3
4,4-5,Praesentium et tempora blanditiis reprehenderit quibusdam nihil ducimus qui dicta?,0 months ago,4-5-2,Itaque quis consectetur quae ullam eaque veritatis libero!,1 months ago,7,5
4,4-5,Praesentium et tempora blanditiis reprehenderit quibusdam nihil ducimus qui dicta?,0 months ago,4-5-3,Quis dolorem velit!,8 months ago,11,4
4,4-5,Praesentium et tempora blanditiis reprehenderit quibusdam nihil ducimus qui dicta?,0 months ago,4-5-4,Dolor dolore dolore qui voluptas et!,4 months ago,9,11
4,4-5,Praesentium et tempora blanditiis reprehenderit quibusdam nihil ducimus qui dicta?,0 months ago,4-5-5,Reiciendis ea pariatur quo!,4 months ago,7,7
4,4-5,Praesentium et tempora blanditiis reprehenderit quibusdam nihil ducimus qui dicta?,0 months ago,4-5-6,Perferendis ut eum!,2 months ago,8,5
4,4-5,Praesentium et tempora blanditiis reprehenderit quibusdam nihil ducimus qui dicta?,0 months ago,4-5-7,Dolorum beatae ut sed et voluptatem ducimus autem consequatur!,7 months ago,3,3
4,4-5,Praesentium et tempora blanditiis reprehenderit quibusdam nihil ducimus qui dicta?,0 months ago,4-5-8,Et ut temporibus sapiente qui!,10 months ago,10,9
4,4-5,Praesentium et tempora blanditiis reprehenderit quibusdam nihil ducimus qui dicta?,0 months ago,4-5-9,Accusantium et soluta mollitia!,8 months ago,8,8
4,4-6,Aperiam et aut et consequatur illo?,2 months ago,4-6-1,Modi sapiente non qui optio veritatis dolor ut ratione vel!,7 months ago,8,9
4,4-6,Aperiam et aut et consequatur illo?,2 months ago,4-6-2,Explicabo et et!,1 months ago,4,9
4,4-6,Aperiam et aut et consequatur illo?,2 months ago,4-6-3,Laudantium quaerat rerum occaecati numquam voluptate nemo!,6 months ago,11,10
4,4-6,Aperiam et aut et consequatur illo?,2 months ago,4-6-4,Similique deserunt accusamus sunt!,6 months ago,7,8
4,4-6,Aperiam et aut et consequatur illo?,2 months ago,4-6-5,Numquam laboriosam et reprehenderit ut tenetur enim saepe est similique!,6 months ago,1,6
4,4-6,Aperiam et aut et consequatur illo?,2 months ago,4-6-6,Libero impedit maiores!,0 months ago,2,7
4,4-7,Eligendi saepe quas reprehenderit maxime est vero laudantium aliquam?,5 months ago,4-7-1,Tenetur qui id laudantium illo vitae aut!,11 months ago,6,2
4,4-7,Eligendi saepe quas reprehenderit maxime est vero laudantium aliquam?,5 months ago,4-7-2,Ab ut consequatur labore dignissimos occaecati magnam laborum est eaque!,4 months ago,4,4
4,4-7,Eligendi saepe quas reprehenderit maxime est vero laudantium aliquam?,5 months ago,4-7-3,Dicta voluptas ut aut eveniet delectus earum!,10 months ago,2,1
4,4-7,Eligendi saepe quas reprehenderit maxime est vero laudantium aliquam?,5 months ago,4-7-4,Voluptatem nihil rerum!,8 months ago,2,11
4,4-7,Eligendi saepe quas reprehenderit maxime est vero laudantium aliquam?,5 months ago,4-7-5,Et dicta pariatur delectus ea pariatur nihil dolor quibusdam!,5 months ago,8,5
4,4-8,Omnis pariatur voluptatibus provident dignissimos quaerat?,3 months ago,4-8-1,Facere consectetur velit aut suscipit provident tempore!,9 months ago,3,5
4,4-8,Omnis pariatur voluptatibus provident dignissimos quaerat?,3 months ago,4-8-2,Voluptas commodi iusto!,0 months ago,11,6
4,4-8,Omnis pariatur voluptatibus provident dignissimos quaerat?,3 months ago,4-8-3,Quod inventore non quaerat molestiae molestias!,10 months ago,9,8
4,4-8,Omnis pariatur voluptatibus provident dignissimos quaerat?,3 months ago,4-8-4,Dolorem officiis saepe facilis odio cum!,10 months ago,7,4
4,4-9,Ea necessitatibus nisi?,6 months ago,4-9-1,Et et reprehenderit nisi recusandae!,4 months ago,4,5
4,4-9,Ea necessitatibus nisi?,6 months ago,4-9-2,Numquam ipsa eum ut aut quia et!,8 months ago,10,1
4,4-10,Deserunt laboriosam nemo qui fugiat voluptatem perspiciatis sed?,3 months ago,4-10-1,Autem libero eum eligendi quis!,4 months ago,9,9
4,4-10,Deserunt laboriosam nemo qui fugiat voluptatem perspiciatis sed?,3 months ago,4-10-2,Quos ab sit!,4 months ago,8,9
4,4-10,Deserunt laboriosam nemo qui fugiat voluptatem perspiciatis sed?,3 months ago,4-10-3,Dolorem officiis non asperiores iure corporis aut velit suscipit!,10 months ago,1,5
4,4-10,Deserunt laboriosam nemo qui fugiat voluptatem perspiciatis sed?,3 months ago,4-10-4,Esse non dolores!,3 months ago,4,11
4,4-11,Amet aspernatur rerum veniam velit aspernatur soluta asperiores vitae ipsum?,3 months ago,4-11-1,Ducimus inventore voluptas qui et asperiores sit!,4 months ago,11,7
4,4-11,Amet aspernatur rerum veniam velit aspernatur soluta asperiores vitae ipsum?,3 months ago,4-11-2,Impedit aut temporibus qui!,6 months ago,11,5
4,4-11,Amet aspernatur rerum veniam velit aspernatur soluta asperiores vitae ipsum?,3 months ago,4-11-3,Ut dolores libero!,11 months ago,9,2
4,4-11,Amet aspernatur rerum veniam velit aspernatur soluta asperiores vitae ipsum?,3 months ago,4-11-4,Accusamus quia ut itaque reiciendis inventore quasi!,7 months ago,5,6
4,4-11,Amet aspernatur rerum veniam velit aspernatur soluta asperiores vitae ipsum?,3 months ago,4-11-5,Vitae magni esse sint est!,10 months ago,5,9
4,4-11,Amet aspernatur rerum veniam velit aspernatur soluta asperiores vitae ipsum?,3 months ago,4-11-6,Sapiente vero eos doloremque et est rerum nostrum odio in!,0 months ago,5,4
4,4-11,Amet aspernatur rerum veniam velit aspernatur soluta asperiores vitae ipsum?,3 months ago,4-11-7,Est est aut occaecati ea et et aspernatur deleniti!,7 months ago,8,8
4,4-11,Amet aspernatur rerum veniam velit aspernatur soluta asperiores vitae ipsum?,3 months ago,4-11-8,Velit labore vitae exercitationem culpa consequatur ut repellat optio reiciendis!,3 months ago,9,6
5,5-1,Sit doloribus odit dolorem illo consequatur tenetur qui odit eaque?,7 months ago,5-1-1,Rerum eos occaecati asperiores et consequatur illum ducimus!,4 months ago,5,5
5,5-1,Sit doloribus odit dolorem illo consequatur tenetur qui odit eaque?,7 months ago,5-1-2,Eveniet provident veniam consequuntur cupiditate pariatur est iusto eum!,3 months ago,7,2
5,5-1,Sit doloribus odit dolorem illo consequatur tenetur qui odit eaque?,7 months ago,5-1-3,Impedit ullam accusamus architecto sapiente impedit quasi cupiditate modi quia!,4 months ago,4,6
5,5-1,Sit doloribus odit dolorem illo consequatur tenetur qui odit eaque?,7 months ago,5-1-4,In quibusdam alias quo voluptatibus!,5 months ago,5,3
5,5-1,Sit doloribus odit dolorem illo consequatur tenetur qui odit eaque?,7 months ago,5-1-5,Eos nostrum id atque!,8 months ago,10,8
5,5-2,Incidunt reiciendis ipsa fugiat?,4 months ago,5-2-1,Dolor saepe similique voluptate culpa!,7 months ago,9,10
5,5-2,Incidunt reiciendis ipsa fugiat?,4 months ago,5-2-2,Tempore repellendus nihil aut sit!,2 months ago,10,3
5,5-2,Incidunt reiciendis ipsa fugiat?,4 months ago,5-2-3,Sequi ea reiciendis veritatis delectus sint sint omnis perspiciatis!,2 months ago,8,11
5,5-2,Incidunt reiciendis ipsa fugiat?,4 months ago,5-2-4,Magnam animi quasi dignissimos doloremque quo delectus rerum dignissimos!,7 months ago,5,8
5,5-2,Incidunt reiciendis ipsa fugiat?,4 months ago,5-2-5,Quia perferendis velit explicabo minus et!,1 months ago,5,3
5,5-3,Inventore fugiat non iure quia?,9 months ago,5-3-1,Necessitatibus sunt dolor distinctio fugiat dignissimos atque et!,6 months ago,8,11
5,5-3,Inventore fugiat non iure quia?,9 months ago,5-3-2,Dolorem necessitatibus pariatur enim tempora dicta quas provident!,6 months ago,1,7
5,5-3,Inventore fugiat non iure quia?,9 months ago,5-3-3,Repellat et vel eius soluta labore praesentium ut quaerat!,11 months ago,8,6
5,5-3,Inventore fugiat non iure quia?,9 months ago,5-3-4,Nulla et molestiae suscipit aliquid amet ab!,5 months ago,10,2
5,5-3,Inventore fugiat non iure quia?,9 months ago,5-3-5,Ipsam cum aliquam!,5 months ago,2,1
5,5-3,Inventore fugiat non iure quia?,9 months ago,5-3-6,Aut quibusdam quod delectus harum aspernatur exercitationem officia ea laborum!,3 months ago,9,9
5,5-4,Laboriosam sit magni saepe libero perspiciatis explicabo possimus?,5 months ago,5-4-1,Ad saepe quam et sit accusamus voluptatem et veritatis!,6 months ago,6,6
5,5-4,Laboriosam sit magni saepe libero perspiciatis explicabo possimus?,5 months ago,5-4-2,Ut recusandae incidunt possimus placeat!,10 months ago,11,10
5,5-4,Laboriosam sit magni saepe libero perspiciatis explicabo possimus?,5 months ago,5-4-3,Et quas omnis qui dolore odit officiis vel aut delectus!,2 months ago,2,6
5,5-4,Laboriosam sit magni saepe libero perspiciatis explicabo possimus?,5 months ago,5-4-4,Rerum voluptas sit eum architecto voluptas!,6 months ago,11,5
5,5-4,Laboriosam sit magni saepe libero perspiciatis explicabo possimus?,5 months ago,5-4-5,Iure eos odio ut aperiam!,7 months ago,4,2
5,5-4,Laboriosam sit magni saepe libero perspiciatis explicabo possimus?,5 months ago,5-4-6,Autem molestiae nihil possimus!,9 months ago,10,1
5,5-4,Laboriosam sit magni saepe libero perspiciatis explicabo possimus?,5 months ago,5-4-7,Totam quas officia quod accusantium excepturi aspernatur quidem!,0 months ago,7,3
5,5-4,Laboriosam sit magni saepe libero perspiciatis explicabo possimus?,5 months ago,5-4-8,Necessitatibus corrupti tenetur!,2 months ago,3,5
5,5-5,Enim quia est accusantium nulla dolorem rerum voluptatem doloribus?,1 months ago,5-5-1,Aspernatur quos placeat voluptatem ipsa!,9 months ago,10,4
5,5-5,Enim quia est accusantium nulla dolorem rerum voluptatem doloribus?,1 months ago,5-5-2,Ullam esse mollitia rerum distinctio molestias est quibusdam!,11 months ago,9,5
5,5-5,Enim quia est accusantium nulla dolorem rerum voluptatem doloribus?,1 months ago,5-5-3,Minima aspernatur sit ut quod voluptatem et impedit error!,0 months ago,1,8
5,5-5,Enim quia est accusantium nulla dolorem rerum voluptatem doloribus?,1 months ago,5-5-4,Excepturi et sunt officiis tenetur excepturi porro repudiandae sed!,8 months ago,2,3
5,5-5,Enim quia est accusantium nulla dolorem rerum voluptatem doloribus?,1 months ago,5-5-5,Necessitatibus repellendus totam temporibus et distinctio maxime placeat animi!,7 months ago,5,8
5,5-5,Enim quia est accusantium nulla dolorem rerum voluptatem doloribus?,1 months ago,5-5-6,Occaecati placeat voluptatem!,7 months ago,1,6
5,5-5,Enim quia est accusantium nulla dolorem rerum voluptatem doloribus?,1 months ago,5-5-7,Non deserunt doloribus tenetur magni doloribus incidunt eveniet!,5 months ago,6,4
5,5-6,Odio hic unde iure libero eos?,0 months ago,5-6-1,Sapiente cum dolor rerum nobis dolor vel quaerat autem!,6 months ago,1,3
5,5-6,Odio hic unde iure libero eos?,0 months ago,5-6-2,Est debitis voluptatibus ullam et ab!,4 months ago,10,3
5,5-7,Illo nisi sapiente et quasi quia totam nesciunt facilis sed?,1 months ago,5-7-1,Aut amet repellendus!,3 months ago,10,8
5,5-7,Illo nisi sapiente et quasi quia totam nesciunt facilis sed?,1 months ago,5-7-2,Est facere soluta!,11 months ago,3,6
5,5-7,Illo nisi sapiente et quasi quia totam nesciunt facilis sed?,1 months ago,5-7-3,Voluptatibus architecto commodi porro et ducimus!,0 months ago,6,5
5,5-7,Illo nisi sapiente et quasi quia totam nesciunt facilis sed?,1 months ago,5-7-4,Ut voluptatem doloremque non!,2 months ago,1,4
5,5-7,Illo nisi sapiente et quasi quia totam nesciunt facilis sed?,1 months ago,5-7-5,Nihil ad voluptas aspernatur molestiae neque facilis labore odit laudantium!,10 months ago,9,8
6,6-1,Qui voluptate exercitationem rem deleniti?,11 months ago,6-1-1,Impedit quos minima est ipsum ad aut!,9 months ago,4,3
6,6-2,Ipsa eveniet dolor aut sit dolore consequatur quisquam?,11 months ago,6-2-1,Aut rerum rem dolore qui ipsa molestiae!,1 months ago,6,6
6,6-2,Ipsa eveniet dolor aut sit dolore consequatur quisquam?,11 months ago,6-2-2,At animi sint sapiente hic doloremque iure doloremque voluptatibus blanditiis!,0 months ago,9,5
6,6-2,Ipsa eveniet dolor aut sit dolore consequatur quisquam?,11 months ago,6-2-3,Est quisquam officiis earum dolorem labore repellat molestias cupiditate!,5 months ago,6,3
6,6-2,Ipsa eveniet dolor aut sit dolore consequatur quisquam?,11 months ago,6-2-4,Vel vitae amet et ut!,10 months ago,5,7
6,6-2,Ipsa eveniet dolor aut sit dolore consequatur quisquam?,11 months ago,6-2-5,Soluta nulla aspernatur quis ea!,4 months ago,4,5
6,6-3,Cumque a minima ut voluptas?,10 months ago,6-3-1,Neque itaque qui cumque et ea consequatur amet est!,10 months ago,2,5
6,6-3,Cumque a minima ut voluptas?,10 months ago,6-3-2,Quidem ipsam non dolor soluta facilis est!,6 months ago,6,9
6,6-3,Cumque a minima ut voluptas?,10 months ago,6-3-3,At numquam non!,2 months ago,6,10
6,6-3,Cumque a minima ut voluptas?,10 months ago,6-3-4,Nihil ullam reiciendis voluptatem beatae non eveniet laborum quisquam!,6 months ago,11,8
6,6-3,Cumque a minima ut voluptas?,10 months ago,6-3-5,Minus et ullam voluptatem optio qui!,1 months ago,8,4
6,6-3,Cumque a minima ut voluptas?,10 months ago,6-3-6,Qui dolor et adipisci quas voluptatem non!,7 months ago,8,5
6,6-3,Cumque a minima ut voluptas?,10 months ago,6-3-7,Et consequatur dolor et velit sit fuga est!,1 months ago,7,4
6,6-4,Explicabo ea repudiandae voluptatum?,11 months ago,6-4-1,Autem minus eos perspiciatis!,7 months ago,7,2
6,6-4,Explicabo ea repudiandae voluptatum?,11 months ago,6-4-2,Illum similique labore blanditiis eos ut!,10 months ago,6,10
6,6-4,Explicabo ea repudiandae voluptatum?,11 months ago,6-4-3,Minus velit distinctio laborum officiis!,0 months ago,1,3
6,6-4,Explicabo ea repudiandae voluptatum?,11 months ago,6-4-4,Voluptates dolor quisquam molestias!,11 months ago,5,9
6,6-4,Explicabo ea repudiandae voluptatum?,11 months ago,6-4-5,Molestiae facere praesentium sint accusamus reprehenderit qui omnis vel commodi!,7 months ago,10,8
6,6-4,Explicabo ea repudiandae voluptatum?,11 months ago,6-4-6,Suscipit perspiciatis consequatur!,3 months ago,8,7
6,6-4,Explicabo ea repudiandae voluptatum?,11 months ago,6-4-7,Impedit vel est voluptatem recusandae suscipit similique dolores!,9 months ago,7,6
6,6-4,Explicabo ea repudiandae voluptatum?,11 months ago,6-4-8,Aut magnam culpa enim eveniet est repudiandae qui sint!,8 months ago,6,3
6,6-4,Explicabo ea repudiandae voluptatum?,11 months ago,6-4-9,Quae reiciendis nulla!,2 months ago,2,10
6,6-4,Explicabo ea repudiandae voluptatum?,11 months ago,6-4-10,Perspiciatis ipsa dolorem laudantium velit culpa!,6 months ago,2,9
6,6-5,Est esse est explicabo laudantium reprehenderit aut dolor tenetur autem?,8 months ago,6-5-1,Atque earum commodi sed consectetur recusandae est sed odio officiis!,7 months ago,2,4
6,6-5,Est esse est explicabo laudantium reprehenderit aut dolor tenetur autem?,8 months ago,6-5-2,Perspiciatis amet est voluptas dolore!,1 months ago,5,5
6,6-5,Est esse est explicabo laudantium reprehenderit aut dolor tenetur autem?,8 months ago,6-5-3,Et nesciunt corrupti excepturi alias consectetur neque!,11 months ago,6,5
6,6-5,Est esse est explicabo laudantium reprehenderit aut dolor tenetur autem?,8 months ago,6-5-4,Facere tempora officia sit nostrum molestiae!,1 months ago,3,11
6,6-5,Est esse est explicabo laudantium reprehenderit aut dolor tenetur autem?,8 months ago,6-5-5,Dolores minima molestias unde molestiae ipsum temporibus ut aliquid!,10 months ago,1,4
6,6-5,Est esse est explicabo laudantium reprehenderit aut dolor tenetur autem?,8 months ago,6-5-6,Aut porro eum est error!,10 months ago,2,9
6,6-5,Est esse est explicabo laudantium reprehenderit aut dolor tenetur autem?,8 months ago,6-5-7,Temporibus nihil aperiam aut ullam necessitatibus tenetur provident maiores nisi!,11 months ago,5,2
6,6-6,Est vel officia?,8 months ago,6-6-1,Maiores commodi qui ipsa repellat!,6 months ago,3,5
6,6-6,Est vel officia?,8 months ago,6-6-2,Dolor et saepe sit voluptas recusandae cumque!,7 months ago,9,6
6,6-6,Est vel officia?,8 months ago,6-6-3,Consequatur consectetur quia debitis consequatur delectus sunt excepturi possimus recusandae!,5 months ago,10,10
6,6-6,Est vel officia?,8 months ago,6-6-4,Magnam ut asperiores!,7 months ago,3,3
6,6-6,Est vel officia?,8 months ago,6-6-5,In sit aut sit!,7 months ago,9,6
6,6-7,Quia excepturi et soluta ratione et?,3 months ago,6-7-1,Neque eius nam quaerat!,0 months ago,3,6
6,6-7,Quia excepturi et soluta ratione et?,3 months ago,6-7-2,Dolorem eos delectus!,11 months ago,1,1
6,6-7,Quia excepturi et soluta ratione et?,3 months ago,6-7-3,Eaque voluptatem nesciunt aut eum amet praesentium iure unde qui!,6 months ago,3,5
6,6-7,Quia excepturi et soluta ratione et?,3 months ago,6-7-4,Cumque doloribus quibusdam consequuntur ut alias explicabo commodi culpa!,7 months ago,4,4
6,6-7,Quia excepturi et soluta ratione et?,3 months ago,6-7-5,Molestias harum repellendus est animi modi!,7 months ago,5,2
6,6-7,Quia excepturi et soluta ratione et?,3 months ago,6-7-6,Et corrupti dolore neque sit!,4 months ago,3,4
6,6-7,Quia excepturi et soluta ratione et?,3 months ago,6-7-7,Voluptatem placeat consequatur rerum voluptatem odit dolorem sed!,9 months ago,2,5
7,7-1,Est eligendi et consequatur accusantium non?,8 months ago,7-1-1,Aliquam accusantium est magni excepturi ut non voluptas ducimus!,10 months ago,4,9
7,7-1,Est eligendi et consequatur accusantium non?,8 months ago,7-1-2,Aliquid placeat expedita autem et placeat nobis!,11 months ago,8,8
7,7-1,Est eligendi et consequatur accusantium non?,8 months ago,7-1-3,Omnis consectetur rem odio nihil possimus necessitatibus!,8 months ago,3,11
7,7-2,Debitis perferendis et vitae modi corporis perspiciatis labore?,8 months ago,7-2-1,Qui qui ex!,11 months ago,5,10
7,7-3,Vero ducimus delectus dolores doloremque quia voluptas ut sed odio?,11 months ago,7-3-1,Rerum reprehenderit est inventore similique!,11 months ago,8,9
7,7-3,Vero ducimus delectus dolores doloremque quia voluptas ut sed odio?,11 months ago,7-3-2,Dicta quo aut ut et ex sed possimus qui nostrum!,3 months ago,9,1
7,7-3,Vero ducimus delectus dolores doloremque quia voluptas ut sed odio?,11 months ago,7-3-3,Sint id dolorem ab autem dolorum accusamus!,2 months ago,11,7
7,7-3,Vero ducimus delectus dolores doloremque quia voluptas ut sed odio?,11 months ago,7-3-4,Porro nihil velit hic rerum neque!,3 months ago,10,4
7,7-3,Vero ducimus delectus dolores doloremque quia voluptas ut sed odio?,11 months ago,7-3-5,Assumenda maxime qui aperiam velit et!,1 months ago,4,9
7,7-3,Vero ducimus delectus dolores doloremque quia voluptas ut sed odio?,11 months ago,7-3-6,Tempora est in ducimus!,8 months ago,2,9
7,7-3,Vero ducimus delectus dolores doloremque quia voluptas ut sed odio?,11 months ago,7-3-7,Qui ratione excepturi eius nostrum dolor animi inventore reiciendis!,1 months ago,7,2
7,7-3,Vero ducimus delectus dolores doloremque quia voluptas ut sed odio?,11 months ago,7-3-8,Doloribus sed in aut quaerat doloribus consequatur id cumque!,7 months ago,11,1
7,7-4,Quas non dolores id?,5 months ago,7-4-1,Sint amet omnis velit corporis dicta et!,1 months ago,11,1
7,7-4,Quas non dolores id?,5 months ago,7-4-2,Quia officia voluptates et ut sunt accusantium!,2 months ago,2,11
7,7-4,Quas non dolores id?,5 months ago,7-4-3,Fuga sunt illum et iusto fugit similique deserunt debitis!,3 months ago,3,2
7,7-4,Quas non dolores id?,5 months ago,7-4-4,Sequi eveniet voluptatem officiis libero repellendus!,0 months ago,2,8
7,7-4,Quas non dolores id?,5 months ago,7-4-5,Ex tempora animi in officiis pariatur qui dolores voluptate!,9 months ago,2,10
7,7-4,Quas non dolores id?,5 months ago,7-4-6,Quos at veritatis aut nulla!,5 months ago,6,9
7,7-4,Quas non dolores id?,5 months ago,7-4-7,Eveniet adipisci rerum dolore laboriosam et quia ut provident excepturi!,9 months ago,4,3
7,7-4,Quas non dolores id?,5 months ago,7-4-8,Molestiae provident quo!,6 months ago,4,7
7,7-4,Quas non dolores id?,5 months ago,7-4-9,Vel ducimus qui!,11 months ago,5,2
7,7-4,Quas non dolores id?,5 months ago,7-4-10,Voluptatem hic itaque enim aut et inventore cum quidem!,5 months ago,9,6
7,7-4,Quas non dolores id?,5 months ago,7-4-11,Facilis occaecati tempora quis repellat quasi!,9 months ago,6,1
7,7-5,Nostrum id enim et earum aperiam et in ea?,11 months ago,7-5-1,Minima ipsum eos rerum laboriosam quibusdam!,2 months ago,4,1
7,7-5,Nostrum id enim et earum aperiam et in ea?,11 months ago,7-5-2,Esse in dolores enim ea!,6 months ago,7,1
7,7-5,Nostrum id enim et earum aperiam et in ea?,11 months ago,7-5-3,Et voluptatem atque omnis alias!,2 months ago,11,7
7,7-5,Nostrum id enim et earum aperiam et in ea?,11 months ago,7-5-4,Ut omnis accusantium et minima itaque ipsum dolorem dolorem mollitia!,7 months ago,1,4
7,7-5,Nostrum id enim et earum aperiam et in ea?,11 months ago,7-5-5,Aut quaerat ipsum rerum!,8 months ago,10,10
7,7-6,Quidem accusamus eum et?,1 months ago,7-6-1,Qui impedit dolore nemo sint minima dolor ipsam exercitationem!,5 months ago,4,8
7,7-6,Quidem accusamus eum et?,1 months ago,7-6-2,Et quod quia rerum!,1 months ago,6,5
7,7-6,Quidem accusamus eum et?,1 months ago,7-6-3,Voluptatem qui eum ut!,0 months ago,7,2
7,7-7,Temporibus nisi expedita architecto maiores quis?,1 months ago,7-7-1,Aut sunt placeat!,6 months ago,11,8
7,7-7,Temporibus nisi expedita architecto maiores quis?,1 months ago,7-7-2,Facilis a animi reiciendis totam qui quas!,4 months ago,5,9
7,7-7,Temporibus nisi expedita architecto maiores quis?,1 months ago,7-7-3,Quisquam iure ut quasi harum!,3 months ago,5,2
7,7-7,Temporibus nisi expedita architecto maiores quis?,1 months ago,7-7-4,Explicabo at beatae itaque facere ex et rerum sint non!,3 months ago,6,6
7,7-7,Temporibus nisi expedita architecto maiores quis?,1 months ago,7-7-5,Cum doloremque distinctio aut!,0 months ago,3,5
7,7-7,Temporibus nisi expedita architecto maiores quis?,1 months ago,7-7-6,Provident nobis voluptatem aut incidunt qui aut incidunt!,9 months ago,9,3
7,7-7,Temporibus nisi expedita architecto maiores quis?,1 months ago,7-7-7,Omnis rerum quibusdam!,10 months ago,7,6
7,7-7,Temporibus nisi expedita architecto maiores quis?,1 months ago,7-7-8,Dolores sunt et nisi sint illum suscipit fugit ipsum voluptatem!,8 months ago,5,1
7,7-7,Temporibus nisi expedita architecto maiores quis?,1 months ago,7-7-9,Commodi eum accusantium nemo!,9 months ago,9,2
7,7-7,Temporibus nisi expedita architecto maiores quis?,1 months ago,7-7-10,Dolor vel consequatur iste nobis molestias veritatis quia!,7 months ago,2,8
7,7-8,Eos ratione repellendus esse dicta minima molestias debitis?,7 months ago,7-8-1,Rem omnis hic qui dolores est illum!,2 months ago,3,9
7,7-8,Eos ratione repellendus esse dicta minima molestias debitis?,7 months ago,7-8-2,Maxime occaecati placeat rerum dolor repellendus voluptatum iure quaerat!,3 months ago,11,8
7,7-8,Eos ratione repellendus esse dicta minima molestias debitis?,7 months ago,7-8-3,Molestiae ut quisquam numquam quia est delectus sapiente accusamus et!,11 months ago,10,5
7,7-8,Eos ratione repellendus esse dicta minima molestias debitis?,7 months ago,7-8-4,Voluptatem quos possimus quam!,6 months ago,3,1
7,7-8,Eos ratione repellendus esse dicta minima molestias debitis?,7 months ago,7-8-5,Praesentium quam deleniti cupiditate!,2 months ago,10,11
7,7-8,Eos ratione repellendus esse dicta minima molestias debitis?,7 months ago,7-8-6,Corporis quos voluptatibus!,9 months ago,3,1
7,7-8,Eos ratione repellendus esse dicta minima molestias debitis?,7 months ago,7-8-7,Sint in minima cum beatae consectetur vitae aliquid quia inventore!,10 months ago,4,7
7,7-8,Eos ratione repellendus esse dicta minima molestias debitis?,7 months ago,7-8-8,Dolore ipsum tempore qui maiores occaecati non reiciendis repudiandae!,2 months ago,2,9
7,7-9,Est eum quaerat culpa doloribus cupiditate totam laudantium enim eaque?,2 months ago,7-9-1,Ut ut voluptas occaecati et et!,0 months ago,9,3
7,7-9,Est eum quaerat culpa doloribus cupiditate totam laudantium enim eaque?,2 months ago,7-9-2,A eaque provident sequi!,0 months ago,2,5
7,7-9,Est eum quaerat culpa doloribus cupiditate totam laudantium enim eaque?,2 months ago,7-9-3,Amet ut distinctio in!,11 months ago,5,2
7,7-9,Est eum quaerat culpa doloribus cupiditate totam laudantium enim eaque?,2 months ago,7-9-4,Nostrum et non est quo expedita molestiae!,8 months ago,10,2
7,7-9,Est eum quaerat culpa doloribus cupiditate totam laudantium enim eaque?,2 months ago,7-9-5,Perspiciatis exercitationem sed distinctio vero consequatur tenetur fugit!,9 months ago,11,8
7,7-9,Est eum quaerat culpa doloribus cupiditate totam laudantium enim eaque?,2 months ago,7-9-6,Et quidem cupiditate voluptas ut quasi repellat voluptatum atque vel!,0 months ago,8,11
7,7-9,Est eum quaerat culpa doloribus cupiditate totam laudantium enim eaque?,2 months ago,7-9-7,Voluptates placeat inventore aut id ratione laboriosam soluta fugiat quia!,5 months ago,1,1
7,7-9,Est eum quaerat culpa doloribus cupiditate totam laudantium enim eaque?,2 months ago,7-9-8,Alias sit nisi vel molestiae eos consequatur illo!,9 months ago,8,3
7,7-9,Est eum quaerat culpa doloribus cupiditate totam laudantium enim eaque?,2 months ago,7-9-9,Sit et nihil quisquam quasi facilis!,8 months ago,3,4
7,7-9,Est eum quaerat culpa doloribus cupiditate totam laudantium enim eaque?,2 months ago,7-9-10,Fugiat mollitia voluptas occaecati nam mollitia vel eum cupiditate sit!,1 months ago,7,11
7,7-9,Est eum quaerat culpa doloribus cupiditate totam laudantium enim eaque?,2 months ago,7-9-11,Rerum mollitia asperiores eos!,1 months ago,3,6
7,7-10,Aliquid a facilis autem earum et quaerat?,5 months ago,7-10-1,Ut dolorum iste praesentium!,9 months ago,11,1
8,8-1,Tempora hic quas sint tempora est voluptatem?,1 months ago,8-1-1,Quas quo debitis officia odio quo est accusantium illo!,9 months ago,1,5
8,8-1,Tempora hic quas sint tempora est voluptatem?,1 months ago,8-1-2,Qui veritatis et eum et architecto est officiis aut!,11 months ago,9,4
8,8-1,Tempora hic quas sint tempora est voluptatem?,1 months ago,8-1-3,Alias illum est qui!,3 months ago,5,11
8,8-1,Tempora hic quas sint tempora est voluptatem?,1 months ago,8-1-4,Et vero voluptas non vero!,9 months ago,7,5
8,8-1,Tempora hic quas sint tempora est voluptatem?,1 months ago,8-1-5,Voluptatem quam ipsa a aut quia quia consectetur optio cum!,10 months ago,9,10
8,8-1,Tempora hic quas sint tempora est voluptatem?,1 months ago,8-1-6,Voluptas similique quia vero laborum quam!,0 months ago,5,5
8,8-2,Officiis et voluptatem dicta facere beatae error tempore?,3 months ago,8-2-1,Dolorum hic molestiae itaque debitis et!,7 months ago,11,5
8,8-2,Officiis et voluptatem dicta facere beatae error tempore?,3 months ago,8-2-2,Doloribus iste est ut velit quia quidem!,11 months ago,1,2
8,8-2,Officiis et voluptatem dicta facere beatae error tempore?,3 months ago,8-2-3,Quis eos et aut aut autem!,6 months ago,2,5
8,8-2,Officiis et voluptatem dicta facere beatae error tempore?,3 months ago,8-2-4,Laboriosam ut illum aut sed!,5 months ago,7,3
8,8-2,Officiis et voluptatem dicta facere beatae error tempore?,3 months ago,8-2-5,Maxime hic dolor dolorum libero optio minus ab aliquam!,3 months ago,11,8
8,8-2,Officiis et voluptatem dicta facere beatae error tempore?,3 months ago,8-2-6,Harum animi sapiente laudantium omnis amet!,7 months ago,3,4
8,8-3,Qui consequatur dolores voluptatum tempora pariatur ullam vel corporis fugit?,6 months ago,8-3-1,Esse dolor est qui!,2 months ago,2,1
8,8-3,Qui consequatur dolores voluptatum tempora pariatur ullam vel corporis fugit?,6 months ago,8-3-2,Ut iure quae vitae consequatur porro!,11 months ago,1,9
8,8-3,Qui consequatur dolores voluptatum tempora pariatur ullam vel corporis fugit?,6 months ago,8-3-3,Dolor quisquam aut!,10 months ago,11,4
8,8-3,Qui consequatur dolores voluptatum tempora pariatur ullam vel corporis fugit?,6 months ago,8-3-4,Pariatur totam fugiat est!,6 months ago,8,5
8,8-3,Qui consequatur dolores voluptatum tempora pariatur ullam vel corporis fugit?,6 months ago,8-3-5,Dolores assumenda sapiente voluptas!,0 months ago,11,10
8,8-4,Quaerat eos architecto cum laudantium rerum exercitationem minima?,5 months ago,8-4-1,Voluptas quisquam delectus totam magni distinctio doloribus nulla tempore!,2 months ago,9,11
8,8-4,Quaerat eos architecto cum laudantium rerum exercitationem minima?,5 months ago,8-4-2,Ab adipisci sequi praesentium quia sit incidunt sunt mollitia corporis!,8 months ago,9,10
8,8-4,Quaerat eos architecto cum laudantium rerum exercitationem minima?,5 months ago,8-4-3,Sit et ipsa reiciendis quisquam voluptas ut nesciunt ab!,3 months ago,7,5
8,8-4,Quaerat eos architecto cum laudantium rerum exercitationem minima?,5 months ago,8-4-4,Corporis tenetur sunt possimus doloribus nostrum consectetur ipsa facere modi!,6 months ago,7,6
8,8-4,Quaerat eos architecto cum laudantium rerum exercitationem minima?,5 months ago,8-4-5,Sed expedita dignissimos!,0 months ago,11,3
8,8-4,Quaerat eos architecto cum laudantium rerum exercitationem minima?,5 months ago,8-4-6,Provident dolore quia!,5 months ago,8,1
8,8-4,Quaerat eos architecto cum laudantium rerum exercitationem minima?,5 months ago,8-4-7,Aliquid ut veniam consequuntur est quam!,1 months ago,6,11
8,8-4,Quaerat eos architecto cum laudantium rerum exercitationem minima?,5 months ago,8-4-8,Ut et voluptate!,9 months ago,1,3
8,8-4,Quaerat eos architecto cum laudantium rerum exercitationem minima?,5 months ago,8-4-9,Ea quia aut voluptas!,1 months ago,11,3
8,8-5,Voluptate iste et debitis quia provident sit dicta?,11 months ago,8-5-1,Est recusandae quibusdam quia vero tempore!,8 months ago,2,2
8,8-5,Voluptate iste et debitis quia provident sit dicta?,11 months ago,8-5-2,Similique pariatur accusamus quia velit qui et!,10 months ago,8,11
8,8-6,Deleniti id autem neque ut assumenda ratione?,3 months ago,8-6-1,Optio saepe accusantium!,11 months ago,8,9
8,8-6,Deleniti id autem neque ut assumenda ratione?,3 months ago,8-6-2,Itaque quia cumque!,8 months ago,10,3
8,8-6,Deleniti id autem neque ut assumenda ratione?,3 months ago,8-6-3,Ipsum amet nihil ut accusamus nemo tenetur ut enim!,9 months ago,1,2
8,8-6,Deleniti id autem neque ut assumenda ratione?,3 months ago,8-6-4,Perspiciatis aut quia atque optio perspiciatis!,3 months ago,8,9
8,8-6,Deleniti id autem neque ut assumenda ratione?,3 months ago,8-6-5,Blanditiis sint veritatis consequatur qui!,7 months ago,11,3
8,8-6,Deleniti id autem neque ut assumenda ratione?,3 months ago,8-6-6,Esse eligendi maiores maiores voluptatum officia!,4 months ago,7,11
8,8-7,Eveniet odit nemo ea voluptates nihil inventore amet ea laboriosam?,3 months ago,8-7-1,Repellat quas laudantium blanditiis!,9 months ago,9,2
8,8-7,Eveniet odit nemo ea voluptates nihil inventore amet ea laboriosam?,3 months ago,8-7-2,Odio earum facilis magni ea dicta pariatur natus distinctio!,9 months ago,11,11
8,8-7,Eveniet odit nemo ea voluptates nihil inventore amet ea laboriosam?,3 months ago,8-7-3,Laborum saepe qui eos quia neque quisquam!,4 months ago,5,5
8,8-7,Eveniet odit nemo ea voluptates nihil inventore amet ea laboriosam?,3 months ago,8-7-4,Occaecati non itaque rerum eum illo non ipsam culpa earum!,11 months ago,2,2
8,8-7,Eveniet odit nemo ea voluptates nihil inventore amet ea laboriosam?,3 months ago,8-7-5,Voluptates veritatis accusantium quaerat quis!,7 months ago,7,2
8,8-7,Eveniet odit nemo ea voluptates nihil inventore amet ea laboriosam?,3 months ago,8-7-6,Adipisci praesentium maiores quo facilis!,2 months ago,4,7
8,8-7,Eveniet odit nemo ea voluptates nihil inventore amet ea laboriosam?,3 months ago,8-7-7,Omnis et reprehenderit qui!,6 months ago,8,10
8,8-7,Eveniet odit nemo ea voluptates nihil inventore amet ea laboriosam?,3 months ago,8-7-8,Tempora perspiciatis sapiente in itaque et!,3 months ago,11,9
8,8-7,Eveniet odit nemo ea voluptates nihil inventore amet ea laboriosam?,3 months ago,8-7-9,Rerum sint ex ipsa culpa!,8 months ago,4,11
8,8-8,Consequatur ut rerum quaerat?,5 months ago,8-8-1,Et voluptas harum dolorem eaque eum ad adipisci aut!,4 months ago,4,3
8,8-8,Consequatur ut rerum quaerat?,5 months ago,8-8-2,Velit cum quaerat qui cum nemo quibusdam libero sint!,9 months ago,3,3
9,9-1,Sequi ad iste quo excepturi eum?,10 months ago,9-1-1,A consequatur sit minima sequi!,3 months ago,6,3
9,9-1,Sequi ad iste quo excepturi eum?,10 months ago,9-1-2,Vero ipsum eum possimus ea vero enim quo perferendis!,3 months ago,4,7
9,9-1,Sequi ad iste quo excepturi eum?,10 months ago,9-1-3,Animi at occaecati tempora qui assumenda vel aut et iusto!,5 months ago,11,2
9,9-1,Sequi ad iste quo excepturi eum?,10 months ago,9-1-4,Vitae et quam perspiciatis tempora qui et explicabo molestiae velit!,0 months ago,7,5
9,9-1,Sequi ad iste quo excepturi eum?,10 months ago,9-1-5,Rerum molestias magni!,10 months ago,10,4
9,9-1,Sequi ad iste quo excepturi eum?,10 months ago,9-1-6,Id illum quod saepe molestiae voluptas!,9 months ago,1,4
9,9-2,Commodi voluptatem quos sunt aut?,6 months ago,9-2-1,Quod magnam minus quia culpa eum debitis!,11 months ago,10,6
9,9-2,Commodi voluptatem quos sunt aut?,6 months ago,9-2-2,Illo ducimus labore ut!,5 months ago,6,10
9,9-2,Commodi voluptatem quos sunt aut?,6 months ago,9-2-3,Qui eum dolore dolor!,0 months ago,1,5
9,9-2,Commodi voluptatem quos sunt aut?,6 months ago,9-2-4,Fugit et impedit voluptatem quia occaecati tempora perspiciatis!,4 months ago,2,7
9,9-2,Commodi voluptatem quos sunt aut?,6 months ago,9-2-5,Ut voluptatum deleniti officiis sit omnis impedit quos sunt!,1 months ago,3,9
9,9-2,Commodi voluptatem quos sunt aut?,6 months ago,9-2-6,Quos ab inventore laboriosam!,1 months ago,6,2
9,9-2,Commodi voluptatem quos sunt aut?,6 months ago,9-2-7,Cumque atque provident accusamus eaque at temporibus repellat!,2 months ago,7,2
9,9-3,Aperiam quasi aut quis et harum neque et nulla?,8 months ago,9-3-1,Explicabo a sint error facilis laudantium quo est!,5 months ago,11,3
9,9-3,Aperiam quasi aut quis et harum neque et nulla?,8 months ago,9-3-2,Nobis nisi nisi!,11 months ago,5,11
9,9-3,Aperiam quasi aut quis et harum neque et nulla?,8 months ago,9-3-3,Enim placeat quo possimus et neque possimus sunt est!,2 months ago,2,10
9,9-3,Aperiam quasi aut quis et harum neque et nulla?,8 months ago,9-3-4,Deserunt consequatur esse ullam ex consequuntur beatae modi distinctio ut!,5 months ago,8,3
9,9-3,Aperiam quasi aut quis et harum neque et nulla?,8 months ago,9-3-5,Minus possimus illo!,8 months ago,2,2
9,9-3,Aperiam quasi aut quis et harum neque et nulla?,8 months ago,9-3-6,Qui qui non ea totam quidem amet eum enim!,7 months ago,6,10
9,9-3,Aperiam quasi aut quis et harum neque et nulla?,8 months ago,9-3-7,Laborum perspiciatis qui!,2 months ago,10,11
9,9-3,Aperiam quasi aut quis et harum neque et nulla?,8 months ago,9-3-8,Cupiditate quasi quis facilis quos saepe cum non!,6 months ago,1,11
9,9-3,Aperiam quasi aut quis et harum neque et nulla?,8 months ago,9-3-9,Nesciunt amet iure repellendus quo doloribus sed!,8 months ago,3,6
9,9-3,Aperiam quasi aut quis et harum neque et nulla?,8 months ago,9-3-10,Dolore quam cum aut facere debitis!,10 months ago,9,7
9,9-3,Aperiam quasi aut quis et harum neque et nulla?,8 months ago,9-3-11,Qui rerum quo similique accusamus!,4 months ago,1,6
9,9-4,Id non sed voluptas?,1 months ago,9-4-1,Optio eum iusto excepturi provident et velit molestias doloremque ducimus!,8 months ago,8,4
9,9-4,Id non sed voluptas?,1 months ago,9-4-2,Est et expedita ipsum impedit molestiae voluptatibus nemo quia rerum!,7 months ago,1,11
9,9-4,Id non sed voluptas?,1 months ago,9-4-3,Eveniet eveniet qui sit nulla perspiciatis tenetur!,9 months ago,11,9
9,9-4,Id non sed voluptas?,1 months ago,9-4-4,In nihil libero rerum voluptatem pariatur sit illo!,7 months ago,2,4
9,9-4,Id non sed voluptas?,1 months ago,9-4-5,Ipsum praesentium commodi saepe assumenda!,8 months ago,4,11
9,9-4,Id non sed voluptas?,1 months ago,9-4-6,Nemo eum aliquam quibusdam possimus commodi!,9 months ago,1,7
9,9-4,Id non sed voluptas?,1 months ago,9-4-7,Illo et ipsam facere mollitia nemo dicta itaque!,4 months ago,6,10
9,9-4,Id non sed voluptas?,1 months ago,9-4-8,Quae aliquid nisi quis facere esse!,7 months ago,3,6
9,9-4,Id non sed voluptas?,1 months ago,9-4-9,Et mollitia quasi hic!,5 months ago,11,9
9,9-5,Eius aut non dolorem sed sint omnis ex?,5 months ago,9-5-1,Quo quo ullam tenetur vitae!,0 months ago,5,10
9,9-5,Eius aut non dolorem sed sint omnis ex?,5 months ago,9-5-2,Velit qui id vitae!,0 months ago,1,3
9,9-5,Eius aut non dolorem sed sint omnis ex?,5 months ago,9-5-3,Inventore rem eos quod maiores tempora!,9 months ago,1,10
9,9-5,Eius aut non dolorem sed sint omnis ex?,5 months ago,9-5-4,Expedita minima eum aut!,4 months ago,11,11
9,9-5,Eius aut non dolorem sed sint omnis ex?,5 months ago,9-5-5,Sint quia consequuntur sunt temporibus enim assumenda minus eius!,6 months ago,10,7
9,9-5,Eius aut non dolorem sed sint omnis ex?,5 months ago,9-5-6,Iste accusantium blanditiis ut molestiae modi!,7 months ago,8,4
9,9-5,Eius aut non dolorem sed sint omnis ex?,5 months ago,9-5-7,Consequuntur sit mollitia eius pariatur dolor debitis libero!,8 months ago,5,5
9,9-5,Eius aut non dolorem sed sint omnis ex?,5 months ago,9-5-8,Non quia similique amet dolores aut!,5 months ago,4,4
9,9-6,Dolore quidem non dicta?,11 months ago,9-6-1,Cupiditate fuga mollitia eligendi omnis ipsam temporibus rerum quasi dolores!,6 months ago,7,9
9,9-6,Dolore quidem non dicta?,11 months ago,9-6-2,Enim voluptate aliquam quo ut ipsa!,1 months ago,7,9
9,9-6,Dolore quidem non dicta?,11 months ago,9-6-3,Earum aliquam sapiente provident hic!,10 months ago,1,7
9,9-6,Dolore quidem non dicta?,11 months ago,9-6-4,Quos ut minus nesciunt autem!,10 months ago,11,8
9,9-6,Dolore quidem non dicta?,11 months ago,9-6-5,Quia vel fugiat in minima consectetur placeat!,10 months ago,4,6
9,9-6,Dolore quidem non dicta?,11 months ago,9-6-6,Aperiam quod soluta ut aut deleniti sunt ut!,2 months ago,4,9
9,9-6,Dolore quidem non dicta?,11 months ago,9-6-7,Tempore expedita placeat est consequatur beatae corrupti voluptatem placeat!,4 months ago,8,8
9,9-6,Dolore quidem non dicta?,11 months ago,9-6-8,Cumque nulla ipsam accusamus non vitae cupiditate qui!,8 months ago,1,3
9,9-6,Dolore quidem non dicta?,11 months ago,9-6-9,Libero possimus odit ad ex voluptate sint!,2 months ago,1,4
9,9-6,Dolore quidem non dicta?,11 months ago,9-6-10,Vitae quia consequatur ut!,2 months ago,5,4
9,9-7,Qui magnam quae voluptatum voluptatem non?,8 months ago,9-7-1,Eum in voluptas mollitia et reprehenderit totam!,0 months ago,9,1
9,9-7,Qui magnam quae voluptatum voluptatem non?,8 months ago,9-7-2,Fugit voluptas similique ut voluptas non!,6 months ago,9,10
10,10-1,Sed velit nulla occaecati mollitia hic?,5 months ago,10-1-1,Qui debitis numquam sunt illum nesciunt nesciunt officia earum qui!,9 months ago,11,7
10,10-1,Sed velit nulla occaecati mollitia hic?,5 months ago,10-1-2,Architecto et fuga eaque occaecati et alias aut!,7 months ago,6,1
10,10-1,Sed velit nulla occaecati mollitia hic?,5 months ago,10-1-3,Quod aspernatur ratione placeat labore et cum similique id nobis!,1 months ago,6,4
10,10-1,Sed velit nulla occaecati mollitia hic?,5 months ago,10-1-4,Cum ducimus odio id in!,5 months ago,2,6
10,10-1,Sed velit nulla occaecati mollitia hic?,5 months ago,10-1-5,Quia atque aspernatur quos velit veniam debitis eum omnis!,7 months ago,1,11
10,10-1,Sed velit nulla occaecati mollitia hic?,5 months ago,10-1-6,Dolor quod maiores dolore dolorem nobis cupiditate id quia!,9 months ago,9,2
10,10-1,Sed velit nulla occaecati mollitia hic?,5 months ago,10-1-7,Voluptatem saepe a consectetur voluptatum!,4 months ago,4,8
10,10-1,Sed velit nulla occaecati mollitia hic?,5 months ago,10-1-8,Rem id quidem voluptatem exercitationem sint molestias!,10 months ago,10,7
10,10-1,Sed velit nulla occaecati mollitia hic?,5 months ago,10-1-9,Ut ea sapiente!,7 months ago,6,7
10,10-1,Sed velit nulla occaecati mollitia hic?,5 months ago,10-1-10,Aut eaque libero saepe quidem maxime magni!,11 months ago,10,6
10,10-1,Sed velit nulla occaecati mollitia hic?,5 months ago,10-1-11,Ut et eos earum nihil impedit dolore commodi ut!,6 months ago,5,3
10,10-2,Ex blanditiis minus vel rerum?,5 months ago,10-2-1,Ad et accusamus odit dicta!,10 months ago,2,1
10,10-2,Ex blanditiis minus vel rerum?,5 months ago,10-2-2,Consequatur qui ut!,10 months ago,5,5
10,10-2,Ex blanditiis minus vel rerum?,5 months ago,10-2-3,Recusandae similique esse nemo laboriosam pariatur suscipit nisi debitis corporis!,10 months ago,2,10
10,10-2,Ex blanditiis minus vel rerum?,5 months ago,10-2-4,Provident in animi odio!,9 months ago,7,2
10,10-2,Ex blanditiis minus vel rerum?,5 months ago,10-2-5,Dolor tempore est similique quas in assumenda dolores laudantium omnis!,2 months ago,5,6
10,10-2,Ex blanditiis minus vel rerum?,5 months ago,10-2-6,Illo inventore et magni sit ut qui facilis sit!,5 months ago,9,9
10,10-3,Nulla sunt assumenda optio explicabo eveniet architecto ab vero et?,10 months ago,10-3-1,Nam rerum suscipit!,5 months ago,6,3
10,10-3,Nulla sunt assumenda optio explicabo eveniet architecto ab vero et?,10 months ago,10-3-2,Eaque iure aut sed eum voluptate nihil eum!,11 months ago,2,4
10,10-3,Nulla sunt assumenda optio explicabo eveniet architecto ab vero et?,10 months ago,10-3-3,Doloremque rem repudiandae dolor ex blanditiis!,0 months ago,6,11
10,10-3,Nulla sunt assumenda optio explicabo eveniet architecto ab vero et?,10 months ago,10-3-4,Laboriosam ut officiis earum ex sed sint!,5 months ago,4,1
10,10-4,Consequatur quas harum facere?,9 months ago,10-4-1,Accusantium laudantium ipsam fuga distinctio nulla!,2 months ago,11,7
10,10-5,Aspernatur ad totam molestiae?,11 months ago,10-5-1,Rerum dolores ea maiores magnam dolore consequatur animi!,9 months ago,5,7
10,10-5,Aspernatur ad totam molestiae?,11 months ago,10-5-2,Eos ipsam ipsa aut quam iusto sit omnis vel!,1 months ago,7,4
10,10-5,Aspernatur ad totam molestiae?,11 months ago,10-5-3,Eaque recusandae non!,7 months ago,9,5
10,10-5,Aspernatur ad totam molestiae?,11 months ago,10-5-4,Deleniti necessitatibus eum optio molestiae!,6 months ago,11,9
10,10-5,Aspernatur ad totam molestiae?,11 months ago,10-5-5,Aspernatur blanditiis autem et reprehenderit modi!,4 months ago,7,4
10,10-5,Aspernatur ad totam molestiae?,11 months ago,10-5-6,Ex provident quasi optio!,5 months ago,5,2
10,10-6,Debitis quae et cupiditate?,7 months ago,10-6-1,Vitae molestias debitis molestiae!,4 months ago,2,10
10,10-6,Debitis quae et cupiditate?,7 months ago,10-6-2,Explicabo est voluptas ut qui vel!,8 months ago,7,6
10,10-6,Debitis quae et cupiditate?,7 months ago,10-6-3,Sequi nemo omnis dicta error!,1 months ago,7,2
10,10-6,Debitis quae et cupiditate?,7 months ago,10-6-4,Qui eligendi sunt placeat incidunt quod dolor soluta!,3 months ago,3,6
10,10-6,Debitis quae et cupiditate?,7 months ago,10-6-5,Exercitationem aut suscipit quod amet omnis aut vitae hic!,1 months ago,4,6
10,10-6,Debitis quae et cupiditate?,7 months ago,10-6-6,Fuga fugiat laudantium saepe sequi sint delectus ex laboriosam odit!,2 months ago,9,8
10,10-7,Quaerat ducimus aperiam veniam?,11 months ago,10-7-1,Sunt velit ut voluptatum asperiores odit omnis enim quibusdam et!,0 months ago,2,6
10,10-7,Quaerat ducimus aperiam veniam?,11 months ago,10-7-2,Quia veritatis officia corporis eum!,8 months ago,10,8
10,10-8,Quia corporis quisquam sunt?,7 months ago,10-8-1,Consectetur id cupiditate!,10 months ago,6,3
10,10-9,Eveniet saepe quasi odio doloribus ea?,5 months ago,10-9-1,Explicabo ipsam eligendi!,7 months ago,5,2
10,10-9,Eveniet saepe quasi odio doloribus ea?,5 months ago,10-9-2,Ipsam et molestiae provident eos sapiente natus vero aut quia!,1 months ago,5,8
10,10-9,Eveniet saepe quasi odio doloribus ea?,5 months ago,10-9-3,Consectetur et ab et at possimus a error!,2 months ago,6,10
10,10-9,Eveniet saepe quasi odio doloribus ea?,5 months ago,10-9-4,Ea magni vel sequi sapiente sed ea beatae est rem!,5 months ago,10,1
10,10-9,Eveniet saepe quasi odio doloribus ea?,5 months ago,10-9-5,Enim vel aliquid quam provident quasi!,9 months ago,11,7
10,10-9,Eveniet saepe quasi odio doloribus ea?,5 months ago,10-9-6,Alias consectetur et veritatis ipsum assumenda!,1 months ago,8,9
10,10-9,Eveniet saepe quasi odio doloribus ea?,5 months ago,10-9-7,Ea ratione architecto natus quae eum maiores eveniet exercitationem!,7 months ago,11,10
10,10-10,Delectus assumenda tenetur debitis rerum nobis aut quos est nihil?,2 months ago,10-10-1,Eaque corporis dolore est harum eaque aut!,9 months ago,8,7
10,10-10,Delectus assumenda tenetur debitis rerum nobis aut quos est nihil?,2 months ago,10-10-2,Quibusdam vitae quos laudantium amet nihil dicta!,4 months ago,11,11
10,10-10,Delectus assumenda tenetur debitis rerum nobis aut quos est nihil?,2 months ago,10-10-3,Assumenda et nobis!,3 months ago,4,10
10,10-10,Delectus assumenda tenetur debitis rerum nobis aut quos est nihil?,2 months ago,10-10-4,Voluptatem rerum necessitatibus!,0 months ago,7,8
